{"cameraMode":{"drawMode":0,"name":"Shaded","section":"Shading Mode"},"sceneLighting":false,"audioPlay":false,"sceneViewState":{"m_AlwaysRefresh":false,"showFog":true,"showSkybox":false,"showFlares":true,"showImageEffects":true,"showParticleSystems":true,"showVisualEffectGraphs":true,"m_FxEnabled":true},"in2DMode":false,"pivot":{"x":9.153972625732422,"y":4.7991251945495609,"z":-1.9932677745819092},"rotation":{"x":-0.15247221291065217,"y":0.45542415976524355,"z":-0.07949426770210266,"w":-0.8735145330429077},"size":2.9252636432647707,"orthographic":false}